candidate_id,rank,score,reasoning
CAND_0015582,1,0.793025,"4.4 yrs experience, currently ML Engineer at Genpact AI. matches required skills: Qdrant, Sentence Transformers, Embeddings, Vector Search (+3 more); prior role evidence: ""Built NLP pipelines for sentiment analysis and document classification — primarily for an internal feedback-analytics dashboard. Started ..."". open to work, 120-day notice, recruiter response rate 82%, last active 2026-05-24. No material concerns flagged by our rule set."
CAND_0010149,2,0.791595,"6.9 yrs experience, currently ML Engineer at Glance. matches required skills: Milvus, Vector Search, Elasticsearch; 3 preferred skill(s) matched; prior role evidence: ""Built computer vision models for our product's image moderation feature using PyTorch — fine-tuned ResNet variants on a labeled dataset o..."". open to work, 90-day notice, recruiter response rate 82%, last active 2026-05-25. No material concerns flagged by our rule set."
CAND_0016659,3,0.769942,"4.4 yrs experience, currently ML Engineer at Glance. matches required skills: Sentence Transformers, Pinecone, FAISS, Weaviate; 1 preferred skill(s) matched; prior role evidence: ""Built NLP pipelines for sentiment analysis and document classification — primarily for an internal feedback-analytics dashboard. Started ..."". open to work, 45-day notice, recruiter response rate 89%, last active 2026-05-22. No material concerns flagged by our rule set."
CAND_0078262,4,0.769231,"4.9 yrs experience, currently ML Engineer at Yellow.ai. matches required skills: FAISS, Sentence Transformers, RAG, Embeddings; prior role evidence: ""Built recommendation-style features at a mid-stage startup — lighter weight than ranking systems at FAANG, but production. Used a combina..."". open to work, 60-day notice, recruiter response rate 39%, last active 2026-03-20. No material concerns flagged by our rule set."
CAND_0061156,5,0.758047,"6.0 yrs experience, currently Senior Software Engineer (ML) at Sarvam AI. matches required skills: OpenSearch, Weaviate, pgvector, Python (+1 more); prior role evidence: ""Built recommendation-style features at a mid-stage startup — lighter weight than ranking systems at FAANG, but production. Used a combina..."". not actively open to work, recruiter response rate 39%, last active 2026-03-11. No material concerns flagged by our rule set."
CAND_0036520,6,0.757351,"4.2 yrs experience, currently Data Scientist at Glance. matches required skills: Embeddings, RAG, pgvector, Qdrant; 1 preferred skill(s) matched; prior role evidence: ""Built recommendation-style features at a mid-stage startup — lighter weight than ranking systems at FAANG, but production. Used a combina..."". open to work, 60-day notice, recruiter response rate 39%, last active 2026-04-20. No material concerns flagged by our rule set."
CAND_0082973,7,0.755788,"6.4 yrs experience, currently AI Specialist at Genpact AI. matches required skills: Semantic Search, Embeddings, OpenSearch, Elasticsearch (+1 more); prior role evidence: ""Built computer vision models for our product's image moderation feature using PyTorch — fine-tuned ResNet variants on a labeled dataset o..."". not actively open to work, recruiter response rate 54%, last active 2026-04-25. No material concerns flagged by our rule set."
CAND_0095884,8,0.750311,"3.8 yrs experience, currently Senior Software Engineer (ML) at Sarvam AI. matches required skills: FAISS, RAG, Python, Pinecone; 3 preferred skill(s) matched; prior role evidence: ""Built recommendation-style features at a mid-stage startup — lighter weight than ranking systems at FAANG, but production. Used a combina..."". not actively open to work, recruiter response rate 39%, last active 2026-05-11. Concern: 3.8 yrs sits outside (or at the edge of) the JD's target experience band."
CAND_0086062,9,0.739278,"4.1 yrs experience, currently ML Engineer at Flipkart. matches required skills: Python, Weaviate, Semantic Search, Pinecone; 2 preferred skill(s) matched; prior role evidence: ""Built NLP pipelines for sentiment analysis and document classification — primarily for an internal feedback-analytics dashboard. Started ..."". not actively open to work, recruiter response rate 51%, last active 2026-03-15. No material concerns flagged by our rule set."
CAND_0001218,10,0.737013,"6.4 yrs experience, currently AI Specialist at Nykaa. matches required skills: pgvector, OpenSearch, RAG, Semantic Search; 1 preferred skill(s) matched; prior role evidence: ""Built recommendation-style features at a mid-stage startup — lighter weight than ranking systems at FAANG, but production. Used a combina..."". open to work, 90-day notice, recruiter response rate 82%, last active 2026-03-09. No material concerns flagged by our rule set."
CAND_0073007,11,0.649717,"5.8 yrs experience, currently AI Specialist at Aganitha. matches required skills: Milvus, Embeddings, FAISS, pgvector; prior role evidence: ""Built recommendation-style features at a mid-stage startup — lighter weight than ranking systems at FAANG, but production. Used a combina..."". open to work, 60-day notice, recruiter response rate 83%, last active 2026-05-07. No material concerns flagged by our rule set."
CAND_0065786,12,0.648161,"4.9 yrs experience, currently AI Specialist at Swiggy. matches required skills: Semantic Search, Pinecone, Qdrant; 2 preferred skill(s) matched; prior role evidence: ""Built recommendation-style features at a mid-stage startup — lighter weight than ranking systems at FAANG, but production. Used a combina..."". open to work, 45-day notice, recruiter response rate 89%, last active 2026-05-23. No material concerns flagged by our rule set."
CAND_0060257,13,0.647228,"5.8 yrs experience, currently AI Specialist at Paytm. matches required skills: Vector Search, Milvus, OpenSearch, Weaviate; prior role evidence: ""Worked on customer-facing predictive modeling for an e-commerce platform — churn prediction, conversion likelihood, lifetime value estima..."". open to work, 60-day notice, recruiter response rate 57%, last active 2026-04-12. No material concerns flagged by our rule set."
CAND_0037160,14,0.63831,"6.0 yrs experience, currently Data Scientist at Haptik. matches required skills: Weaviate, Vector Search, Embeddings, Semantic Search; prior role evidence: ""Built recommendation-style features at a mid-stage startup — lighter weight than ranking systems at FAANG, but production. Used a combina..."". open to work, 30-day notice, recruiter response rate 74%, last active 2026-03-28. No material concerns flagged by our rule set."
CAND_0006850,15,0.638251,"3.7 yrs experience, currently Data Scientist at Yellow.ai. matches required skills: Elasticsearch, Python, OpenSearch, pgvector; 1 preferred skill(s) matched; prior role evidence: ""Built computer vision models for our product's image moderation feature using PyTorch — fine-tuned ResNet variants on a labeled dataset o..."". open to work, 120-day notice, recruiter response rate 46%, last active 2026-03-24. Concern: 3.7 yrs sits outside (or at the edge of) the JD's target experience band."
CAND_0002037,16,0.634562,"5.5 yrs experience, currently ML Engineer at Locobuzz. matches required skills: pgvector, Milvus, Pinecone, Elasticsearch; 2 preferred skill(s) matched; prior role evidence: ""Built NLP pipelines for sentiment analysis and document classification — primarily for an internal feedback-analytics dashboard. Started ..."". not actively open to work, recruiter response rate 37%, last active 2026-04-17. No material concerns flagged by our rule set."
CAND_0024147,17,0.634053,"5.9 yrs experience, currently ML Engineer at Ola. matches required skills: Qdrant, OpenSearch; 2 preferred skill(s) matched; prior role evidence: ""Built recommendation-style features at a mid-stage startup — lighter weight than ranking systems at FAANG, but production. Used a combina..."". open to work, 60-day notice, recruiter response rate 84%, last active 2026-04-03. No material concerns flagged by our rule set."
CAND_0081321,18,0.631035,"5.3 yrs experience, currently Senior Software Engineer (ML) at Freshworks. matches required skills: Weaviate, Python, Milvus; 2 preferred skill(s) matched; prior role evidence: ""Built computer vision models for our product's image moderation feature using PyTorch — fine-tuned ResNet variants on a labeled dataset o..."". open to work, 120-day notice, recruiter response rate 47%, last active 2026-04-25. No material concerns flagged by our rule set."
CAND_0025882,19,0.630489,"5.6 yrs experience, currently Senior Software Engineer (ML) at Freshworks. matches required skills: FAISS, Vector Search, Milvus; 1 preferred skill(s) matched; prior role evidence: ""Built computer vision models for our product's image moderation feature using PyTorch — fine-tuned ResNet variants on a labeled dataset o..."". open to work, 45-day notice, recruiter response rate 79%, last active 2026-05-10. No material concerns flagged by our rule set."
CAND_0087529,20,0.62985,"4.0 yrs experience, currently AI Specialist at InMobi. matches required skills: Embeddings, Semantic Search, Python, Vector Search; prior role evidence: ""Built computer vision models for our product's image moderation feature using PyTorch — fine-tuned ResNet variants on a labeled dataset o..."". open to work, 90-day notice, recruiter response rate 29%, last active 2026-03-11. No material concerns flagged by our rule set."
CAND_0035315,21,0.62719,"4.9 yrs experience, currently Data Scientist at Zoho. matches required skills: Semantic Search, Weaviate; 2 preferred skill(s) matched; prior role evidence: ""Built recommendation-style features at a mid-stage startup — lighter weight than ranking systems at FAANG, but production. Used a combina..."". open to work, 120-day notice, recruiter response rate 62%, last active 2026-04-03. No material concerns flagged by our rule set."
CAND_0044262,22,0.626476,"6.9 yrs experience, currently Data Scientist at upGrad. matches required skills: Python, OpenSearch, Sentence Transformers, Weaviate; prior role evidence: ""Built recommendation-style features at a mid-stage startup — lighter weight than ranking systems at FAANG, but production. Used a combina..."". open to work, 90-day notice, recruiter response rate 73%, last active 2026-03-30. No material concerns flagged by our rule set."
CAND_0058412,23,0.626195,"6.6 yrs experience, currently Senior Software Engineer (ML) at InMobi. matches required skills: Embeddings, Milvus, RAG; 1 preferred skill(s) matched; prior role evidence: ""Built recommendation-style features at a mid-stage startup — lighter weight than ranking systems at FAANG, but production. Used a combina..."". not actively open to work, recruiter response rate 43%, last active 2026-03-13. No material concerns flagged by our rule set."
CAND_0018653,24,0.624695,"6.5 yrs experience, currently ML Engineer at Vedantu. matches required skills: RAG, Vector Search, FAISS; 1 preferred skill(s) matched; prior role evidence: ""Built recommendation-style features at a mid-stage startup — lighter weight than ranking systems at FAANG, but production. Used a combina..."". not actively open to work, recruiter response rate 72%, last active 2026-04-13. No material concerns flagged by our rule set."
CAND_0008202,25,0.623603,"5.7 yrs experience, currently Senior Software Engineer (ML) at Yellow.ai. matches required skills: FAISS, Python, Qdrant, RAG; prior role evidence: ""Built NLP pipelines for sentiment analysis and document classification — primarily for an internal feedback-analytics dashboard. Started ..."". not actively open to work, recruiter response rate 50%, last active 2026-03-28. No material concerns flagged by our rule set."
CAND_0000981,26,0.623383,"6.4 yrs experience, currently ML Engineer at Wysa. matches required skills: Semantic Search, pgvector, Pinecone, OpenSearch; prior role evidence: ""Built recommendation-style features at a mid-stage startup — lighter weight than ranking systems at FAANG, but production. Used a combina..."". not actively open to work, recruiter response rate 55%, last active 2026-02-20. No material concerns flagged by our rule set."
CAND_0015478,27,0.622328,"3.6 yrs experience, currently ML Engineer at Tech Mahindra. matches required skills: Weaviate, Pinecone; 2 preferred skill(s) matched; prior role evidence: ""Built computer vision models for our product's image moderation feature using PyTorch — fine-tuned ResNet variants on a labeled dataset o..."". open to work, 60-day notice, recruiter response rate 66%, last active 2026-04-15. Concern: 3.6 yrs sits outside (or at the edge of) the JD's target experience band."
CAND_0009236,28,0.621684,"6.3 yrs experience, currently AI Specialist at Vedantu. matches required skills: Pinecone; 3 preferred skill(s) matched; prior role evidence: ""Built recommendation-style features at a mid-stage startup — lighter weight than ranking systems at FAANG, but production. Used a combina..."". open to work, 120-day notice, recruiter response rate 32%, last active 2026-04-01. No material concerns flagged by our rule set."
CAND_0002120,29,0.621659,"6.5 yrs experience, currently ML Engineer at HCL. matches required skills: RAG, Pinecone, Embeddings, Qdrant; prior role evidence: ""Built NLP pipelines for sentiment analysis and document classification — primarily for an internal feedback-analytics dashboard. Started ..."". open to work, 45-day notice, recruiter response rate 72%, last active 2026-05-20. No material concerns flagged by our rule set."
CAND_0055139,30,0.621616,"6.9 yrs experience, currently ML Engineer at HCL. matches required skills: Elasticsearch, Python, Semantic Search, pgvector; prior role evidence: ""Built recommendation-style features at a mid-stage startup — lighter weight than ranking systems at FAANG, but production. Used a combina..."". open to work, 120-day notice, recruiter response rate 25%, last active 2026-05-01. No material concerns flagged by our rule set."
CAND_0000666,31,0.618221,"6.5 yrs experience, currently Data Scientist at PhonePe. matches required skills: Sentence Transformers, Weaviate; 1 preferred skill(s) matched; prior role evidence: ""Worked on customer-facing predictive modeling for an e-commerce platform — churn prediction, conversion likelihood, lifetime value estima..."". open to work, 60-day notice, recruiter response rate 29%, last active 2026-02-23. No material concerns flagged by our rule set."
CAND_0008918,32,0.616102,"3.6 yrs experience, currently AI Specialist at Genpact AI. matches required skills: Weaviate, Semantic Search, FAISS; 2 preferred skill(s) matched; prior role evidence: ""Built computer vision models for our product's image moderation feature using PyTorch — fine-tuned ResNet variants on a labeled dataset o..."". open to work, 90-day notice, recruiter response rate 57%, last active 2026-02-28. Concern: 3.6 yrs sits outside (or at the edge of) the JD's target experience band."
CAND_0019845,33,0.614549,"3.4 yrs experience, currently AI Specialist at Zomato. matches required skills: Pinecone, Python; 3 preferred skill(s) matched; prior role evidence: ""Built recommendation-style features at a mid-stage startup — lighter weight than ranking systems at FAANG, but production. Used a combina..."". not actively open to work, recruiter response rate 78%, last active 2026-05-22. Concern: 3.4 yrs sits outside (or at the edge of) the JD's target experience band."
CAND_0006581,34,0.610824,"3.3 yrs experience, currently AI Specialist at Sarvam AI. matches required skills: Weaviate, OpenSearch, Pinecone, Semantic Search; prior role evidence: ""Built computer vision models for our product's image moderation feature using PyTorch — fine-tuned ResNet variants on a labeled dataset o..."". not actively open to work, recruiter response rate 32%, last active 2026-03-18. Concern: 3.3 yrs sits outside (or at the edge of) the JD's target experience band."
CAND_0077784,35,0.607429,"4.4 yrs experience, currently Data Scientist at Verloop.io. matches required skills: Python, Elasticsearch, Milvus; 1 preferred skill(s) matched; prior role evidence: ""Built recommendation-style features at a mid-stage startup — lighter weight than ranking systems at FAANG, but production. Used a combina..."". not actively open to work, recruiter response rate 42%, last active 2026-03-14. No material concerns flagged by our rule set."
CAND_0050707,36,0.602892,"5.3 yrs experience, currently AI Specialist at Paytm. matches required skills: RAG, Vector Search; 2 preferred skill(s) matched; prior role evidence: ""Built NLP pipelines for sentiment analysis and document classification — primarily for an internal feedback-analytics dashboard. Started ..."". not actively open to work, recruiter response rate 57%, last active 2026-03-12. No material concerns flagged by our rule set."
CAND_0064331,37,0.601882,"4.2 yrs experience, currently Senior Software Engineer (ML) at Swiggy. matches required skills: Sentence Transformers, OpenSearch; 2 preferred skill(s) matched; prior role evidence: ""Built recommendation-style features at a mid-stage startup — lighter weight than ranking systems at FAANG, but production. Used a combina..."". not actively open to work, recruiter response rate 74%, last active 2026-03-14. No material concerns flagged by our rule set."
CAND_0088438,38,0.601345,"6.6 yrs experience, currently Senior Software Engineer (ML) at Saarthi.ai. matches required skills: Pinecone, Weaviate, Python; 1 preferred skill(s) matched; prior role evidence: ""Built recommendation-style features at a mid-stage startup — lighter weight than ranking systems at FAANG, but production. Used a combina..."". not actively open to work, recruiter response rate 32%, last active 2026-03-02. No material concerns flagged by our rule set."
CAND_0087494,39,0.598791,"3.4 yrs experience, currently ML Engineer at Genpact AI. matches required skills: Milvus, Sentence Transformers; 2 preferred skill(s) matched; prior role evidence: ""Built NLP pipelines for sentiment analysis and document classification — primarily for an internal feedback-analytics dashboard. Started ..."". open to work, 60-day notice, recruiter response rate 41%, last active 2026-05-18. Concern: 3.4 yrs sits outside (or at the edge of) the JD's target experience band."
CAND_0053605,40,0.585659,"6.9 yrs experience, currently Senior Software Engineer (ML) at Verloop.io. matches required skills: pgvector, Semantic Search, RAG; 1 preferred skill(s) matched; prior role evidence: ""Built recommendation-style features at a mid-stage startup — lighter weight than ranking systems at FAANG, but production. Used a combina..."". open to work, 30-day notice, recruiter response rate 88%, last active 2026-05-22. Concern: LangChain listed with no pre-LLM-era production ML evidence (framework-only pattern)."
CAND_0008628,41,0.581094,"3.2 yrs experience, currently AI Specialist at Ola. matches required skills: Weaviate, Milvus, Qdrant; prior role evidence: ""Built recommendation-style features at a mid-stage startup — lighter weight than ranking systems at FAANG, but production. Used a combina..."". not actively open to work, recruiter response rate 54%, last active 2026-03-29. Concern: 3.2 yrs sits outside (or at the edge of) the JD's target experience band."
CAND_0080534,42,0.574619,"3.8 yrs experience, currently ML Engineer at Genpact AI. matches required skills: Elasticsearch, OpenSearch; 2 preferred skill(s) matched; prior role evidence: ""Built recommendation-style features at a mid-stage startup — lighter weight than ranking systems at FAANG, but production. Used a combina..."". open to work, 30-day notice, recruiter response rate 91%, last active 2026-05-26. Concern: LangChain listed with no pre-LLM-era production ML evidence (framework-only pattern); 3.8 yrs sits outside (or at the edge of) the JD's target experience band."
CAND_0003557,43,0.573003,"6.8 yrs experience, currently ML Engineer at Krutrim. matches required skills: Elasticsearch, Weaviate, Sentence Transformers; 1 preferred skill(s) matched; prior role evidence: ""Built recommendation-style features at a mid-stage startup — lighter weight than ranking systems at FAANG, but production. Used a combina..."". open to work, 90-day notice, recruiter response rate 47%, last active 2026-02-24. Concern: LangChain listed with no pre-LLM-era production ML evidence (framework-only pattern)."
CAND_0051486,44,0.569937,"5.9 yrs experience, currently AI Specialist at Aganitha. matches required skills: Pinecone, Vector Search, Qdrant; 2 preferred skill(s) matched; prior role evidence: ""Built recommendation-style features at a mid-stage startup — lighter weight than ranking systems at FAANG, but production. Used a combina..."". open to work, 120-day notice, recruiter response rate 60%, last active 2026-03-20. Concern: LangChain listed with no pre-LLM-era production ML evidence (framework-only pattern)."
CAND_0070525,45,0.526957,"5.4 yrs experience, currently Senior Software Engineer (ML) at Mad Street Den. matches required skills: Python, Embeddings; prior role evidence: ""Built NLP pipelines for sentiment analysis and document classification — primarily for an internal feedback-analytics dashboard. Started ..."". open to work, 45-day notice, recruiter response rate 93%, last active 2026-05-25. No material concerns flagged by our rule set."
CAND_0008618,46,0.526605,"4.7 yrs experience, currently Computer Vision Engineer at Saarthi.ai. matches required skills: pgvector, Embeddings, Semantic Search, OpenSearch (+2 more); 1 preferred skill(s) matched; prior role evidence: ""Worked on customer-facing predictive modeling for an e-commerce platform — churn prediction, conversion likelihood, lifetime value estima..."". open to work, 120-day notice, recruiter response rate 38%, last active 2026-03-18. Concern: JD explicitly deprioritizes CV/speech/robotics without NLP/IR exposure."
CAND_0004402,47,0.522905,"6.0 yrs experience, currently AI Research Engineer at Yellow.ai. matches required skills: OpenSearch, Qdrant, Sentence Transformers; 3 preferred skill(s) matched; prior role evidence: ""Built recommendation-style features at a mid-stage startup — lighter weight than ranking systems at FAANG, but production. Used a combina..."". open to work, 60-day notice, recruiter response rate 83%, last active 2026-05-25. Concern: pure-research signal in title; JD disqualifies academic/research-only without production deployment."
CAND_0043860,48,0.515784,"6.1 yrs experience, currently Junior ML Engineer at Aganitha. matches required skills: pgvector, Semantic Search, Qdrant, Vector Search; prior role evidence: ""Built recommendation-style features at a mid-stage startup — lighter weight than ranking systems at FAANG, but production. Used a combina..."". open to work, 30-day notice, recruiter response rate 81%, last active 2026-05-26. Concern: JD targets 5-9 yrs senior band; junior title is a strong band mismatch, not disqualifying alone."
CAND_0061175,49,0.514223,"6.7 yrs experience, currently AI Research Engineer at Haptik. matches required skills: Python, Milvus, Vector Search, Qdrant (+1 more); prior role evidence: ""Built recommendation-style features at a mid-stage startup — lighter weight than ranking systems at FAANG, but production. Used a combina..."". open to work, 120-day notice, recruiter response rate 48%, last active 2026-03-20. Concern: pure-research signal in title; JD disqualifies academic/research-only without production deployment."
CAND_0005509,50,0.508252,"6.0 yrs experience, currently Data Scientist at Ola. matches required skills: Python, Qdrant; 1 preferred skill(s) matched; prior role evidence: ""Built recommendation-style features at a mid-stage startup — lighter weight than ranking systems at FAANG, but production. Used a combina..."". open to work, 30-day notice, recruiter response rate 40%, last active 2026-05-25. No material concerns flagged by our rule set."
CAND_0060715,51,0.50768,"3.3 yrs experience, currently ML Engineer at Genpact AI. matches required skills: FAISS; 1 preferred skill(s) matched; prior role evidence: ""Built recommendation-style features at a mid-stage startup — lighter weight than ranking systems at FAANG, but production. Used a combina..."". open to work, 120-day notice, recruiter response rate 86%, last active 2026-05-26. Concern: 3.3 yrs sits outside (or at the edge of) the JD's target experience band; thin skill overlap with the JD -- fit here leans on adjacent experience and engagement signals more than direct skill match."
CAND_0026640,52,0.507035,"6.1 yrs experience, currently Computer Vision Engineer at Observe.AI. matches required skills: Semantic Search, Vector Search, Elasticsearch; prior role evidence: ""Built computer vision models for our product's image moderation feature using PyTorch — fine-tuned ResNet variants on a labeled dataset o..."". open to work, 90-day notice, recruiter response rate 30%, last active 2026-05-19. Concern: JD explicitly deprioritizes CV/speech/robotics without NLP/IR exposure."
CAND_0065277,53,0.506771,"6.3 yrs experience, currently Computer Vision Engineer at Aganitha. matches required skills: Vector Search, Milvus, RAG, Sentence Transformers; 1 preferred skill(s) matched; prior role evidence: ""Built computer vision models for our product's image moderation feature using PyTorch — fine-tuned ResNet variants on a labeled dataset o..."". open to work, 60-day notice, recruiter response rate 37%, last active 2026-03-16. Concern: JD explicitly deprioritizes CV/speech/robotics without NLP/IR exposure."
CAND_0049615,54,0.503839,"5.1 yrs experience, currently ML Engineer at Krutrim. matches required skills: Pinecone; 2 preferred skill(s) matched; prior role evidence: ""Built recommendation-style features at a mid-stage startup — lighter weight than ranking systems at FAANG, but production. Used a combina..."". open to work, 60-day notice, recruiter response rate 28%, last active 2026-05-15. No material concerns flagged by our rule set."
CAND_0080344,55,0.502416,"4.9 yrs experience, currently Senior Software Engineer (ML) at Zoho. matches required skills: Sentence Transformers, Semantic Search; prior role evidence: ""Built computer vision models for our product's image moderation feature using PyTorch — fine-tuned ResNet variants on a labeled dataset o..."". open to work, 90-day notice, recruiter response rate 70%, last active 2026-05-19. No material concerns flagged by our rule set."
CAND_0079176,56,0.501668,"5.3 yrs experience, currently AI Specialist at Haptik. matches required skills: Sentence Transformers, Pinecone, Qdrant; prior role evidence: ""Built recommendation-style features at a mid-stage startup — lighter weight than ranking systems at FAANG, but production. Used a combina..."". not actively open to work, recruiter response rate 73%, last active 2026-04-16. No material concerns flagged by our rule set."
CAND_0046924,57,0.500097,"6.3 yrs experience, currently Computer Vision Engineer at PharmEasy. matches required skills: RAG, Vector Search, Semantic Search, FAISS (+1 more); 1 preferred skill(s) matched; prior role evidence: ""Built recommendation-style features at a mid-stage startup — lighter weight than ranking systems at FAANG, but production. Used a combina..."". not actively open to work, recruiter response rate 61%, last active 2026-05-11. Concern: JD explicitly deprioritizes CV/speech/robotics without NLP/IR exposure."
CAND_0014715,58,0.50007,"4.2 yrs experience, currently AI Specialist at Saarthi.ai. matches required skills: Python, Embeddings; 2 preferred skill(s) matched; prior role evidence: ""Built NLP pipelines for sentiment analysis and document classification — primarily for an internal feedback-analytics dashboard. Started ..."". open to work, 45-day notice, recruiter response rate 27%, last active 2026-05-19. No material concerns flagged by our rule set."
CAND_0046278,59,0.499403,"4.6 yrs experience, currently Senior Software Engineer (ML) at Dream11. matches required skills: Embeddings, Sentence Transformers; 1 preferred skill(s) matched; prior role evidence: ""Built recommendation-style features at a mid-stage startup — lighter weight than ranking systems at FAANG, but production. Used a combina..."". open to work, 60-day notice, recruiter response rate 50%, last active 2026-03-27. No material concerns flagged by our rule set."
CAND_0025640,60,0.496909,"5.6 yrs experience, currently AI Research Engineer at HCL. matches required skills: Semantic Search, FAISS, OpenSearch, Elasticsearch; 1 preferred skill(s) matched; prior role evidence: ""Built recommendation-style features at a mid-stage startup — lighter weight than ranking systems at FAANG, but production. Used a combina..."". open to work, 30-day notice, recruiter response rate 87%, last active 2026-05-03. Concern: pure-research signal in title; JD disqualifies academic/research-only without production deployment."
CAND_0055960,61,0.496839,"4.9 yrs experience, currently AI Specialist at Dream11. matches required skills: Qdrant; prior role evidence: ""Built NLP pipelines for sentiment analysis and document classification — primarily for an internal feedback-analytics dashboard. Started ..."". open to work, 90-day notice, recruiter response rate 89%, last active 2026-05-26. Concern: thin skill overlap with the JD -- fit here leans on adjacent experience and engagement signals more than direct skill match."
CAND_0061352,62,0.496234,"3.5 yrs experience, currently ML Engineer at Glance. matches required skills: Weaviate; 2 preferred skill(s) matched; prior role evidence: ""Built recommendation-style features at a mid-stage startup — lighter weight than ranking systems at FAANG, but production. Used a combina..."". open to work, 90-day notice, recruiter response rate 66%, last active 2026-05-27. Concern: 3.5 yrs sits outside (or at the edge of) the JD's target experience band."
CAND_0072232,63,0.496012,"4.0 yrs experience, currently ML Engineer at Yellow.ai. matches required skills: Embeddings; 2 preferred skill(s) matched; prior role evidence: ""Built recommendation-style features at a mid-stage startup — lighter weight than ranking systems at FAANG, but production. Used a combina..."". open to work, 90-day notice, recruiter response rate 58%, last active 2026-05-13. No material concerns flagged by our rule set."
CAND_0051593,64,0.495581,"3.7 yrs experience, currently AI Specialist at Zomato. matches required skills: FAISS, RAG; prior role evidence: ""Built recommendation-style features at a mid-stage startup — lighter weight than ranking systems at FAANG, but production. Used a combina..."". open to work, 30-day notice, recruiter response rate 43%, last active 2026-02-27. Concern: 3.7 yrs sits outside (or at the edge of) the JD's target experience band."
CAND_0008978,65,0.494241,"6.7 yrs experience, currently Junior ML Engineer at Tech Mahindra. matches required skills: Embeddings, Elasticsearch, FAISS, Milvus; 1 preferred skill(s) matched; prior role evidence: ""Worked on customer-facing predictive modeling for an e-commerce platform — churn prediction, conversion likelihood, lifetime value estima..."". not actively open to work, recruiter response rate 29%, last active 2026-04-13. Concern: JD targets 5-9 yrs senior band; junior title is a strong band mismatch, not disqualifying alone."
CAND_0017178,66,0.492592,"4.2 yrs experience, currently ML Engineer at Swiggy. matches required skills: pgvector; 3 preferred skill(s) matched; prior role evidence: ""Built recommendation-style features at a mid-stage startup — lighter weight than ranking systems at FAANG, but production. Used a combina..."". not actively open to work, recruiter response rate 85%, last active 2026-05-26. No material concerns flagged by our rule set."
CAND_0073620,67,0.491937,"4.4 yrs experience, currently AI Research Engineer at TCS. matches required skills: Semantic Search, Python, Embeddings, FAISS; 1 preferred skill(s) matched; prior role evidence: ""Built computer vision models for our product's image moderation feature using PyTorch — fine-tuned ResNet variants on a labeled dataset o..."". open to work, 90-day notice, recruiter response rate 63%, last active 2026-04-27. Concern: pure-research signal in title; JD disqualifies academic/research-only without production deployment."
CAND_0069771,68,0.491842,"5.7 yrs experience, currently Junior ML Engineer at Sarvam AI. matches required skills: Elasticsearch, FAISS, Vector Search, Qdrant (+1 more); prior role evidence: ""Worked on time-series forecasting models for supply-chain demand prediction at a logistics company. Built models in Prophet, LightGBM, an..."". open to work, 45-day notice, recruiter response rate 36%, last active 2026-03-08. Concern: JD targets 5-9 yrs senior band; junior title is a strong band mismatch, not disqualifying alone."
CAND_0006538,69,0.491308,"5.7 yrs experience, currently AI Specialist at Dream11. matches required skills: Elasticsearch; 2 preferred skill(s) matched; prior role evidence: ""Built recommendation-style features at a mid-stage startup — lighter weight than ranking systems at FAANG, but production. Used a combina..."". open to work, 60-day notice, recruiter response rate 86%, last active 2026-04-06. No material concerns flagged by our rule set."
CAND_0031842,70,0.49103,"3.5 yrs experience, currently AI Specialist at Ola. matches required skills: pgvector, Vector Search; prior role evidence: ""Built computer vision models for our product's image moderation feature using PyTorch — fine-tuned ResNet variants on a labeled dataset o..."". open to work, 30-day notice, recruiter response rate 82%, last active 2026-05-27. Concern: 3.5 yrs sits outside (or at the edge of) the JD's target experience band."
CAND_0034148,71,0.49068,"5.0 yrs experience, currently ML Engineer at Zoho. matches required skills: Milvus, OpenSearch, Sentence Transformers; prior role evidence: ""Built computer vision models for our product's image moderation feature using PyTorch — fine-tuned ResNet variants on a labeled dataset o..."". not actively open to work, recruiter response rate 70%, last active 2026-03-15. No material concerns flagged by our rule set."
CAND_0069638,72,0.490198,"6.2 yrs experience, currently Computer Vision Engineer at Swiggy. matches required skills: Semantic Search, Pinecone; 2 preferred skill(s) matched; prior role evidence: ""Built recommendation-style features at a mid-stage startup — lighter weight than ranking systems at FAANG, but production. Used a combina..."". open to work, 30-day notice, recruiter response rate 64%, last active 2026-04-29. Concern: JD explicitly deprioritizes CV/speech/robotics without NLP/IR exposure."
CAND_0033749,73,0.489991,"4.7 yrs experience, currently Computer Vision Engineer at TCS. matches required skills: Vector Search, Python, Qdrant; 2 preferred skill(s) matched; prior role evidence: ""Built recommendation-style features at a mid-stage startup — lighter weight than ranking systems at FAANG, but production. Used a combina..."". open to work, 120-day notice, recruiter response rate 78%, last active 2026-03-04. Concern: JD explicitly deprioritizes CV/speech/robotics without NLP/IR exposure."
CAND_0024203,74,0.489436,"4.4 yrs experience, currently Junior ML Engineer at Razorpay. matches required skills: Python, Elasticsearch, OpenSearch, RAG; 1 preferred skill(s) matched; prior role evidence: ""Built computer vision models for our product's image moderation feature using PyTorch — fine-tuned ResNet variants on a labeled dataset o..."". open to work, 45-day notice, recruiter response rate 27%, last active 2026-03-02. Concern: JD targets 5-9 yrs senior band; junior title is a strong band mismatch, not disqualifying alone."
CAND_0074621,75,0.487947,"5.2 yrs experience, currently Data Scientist at PharmEasy. matches required skills: Vector Search, Python; prior role evidence: ""Built recommendation-style features at a mid-stage startup — lighter weight than ranking systems at FAANG, but production. Used a combina..."". not actively open to work, recruiter response rate 74%, last active 2026-03-08. No material concerns flagged by our rule set."
CAND_0078508,76,0.486584,"5.2 yrs experience, currently AI Research Engineer at Rephrase.ai. matches required skills: Sentence Transformers, Embeddings, pgvector, Weaviate; 1 preferred skill(s) matched; prior role evidence: ""Built NLP pipelines for sentiment analysis and document classification — primarily for an internal feedback-analytics dashboard. Started ..."". not actively open to work, recruiter response rate 34%, last active 2026-04-17. Concern: pure-research signal in title; JD disqualifies academic/research-only without production deployment."
CAND_0096409,77,0.484774,"4.3 yrs experience, currently Computer Vision Engineer at Locobuzz. matches required skills: Sentence Transformers, Semantic Search, Embeddings; 1 preferred skill(s) matched; prior role evidence: ""Built NLP pipelines for sentiment analysis and document classification — primarily for an internal feedback-analytics dashboard. Started ..."". not actively open to work, recruiter response rate 45%, last active 2026-05-11. Concern: JD explicitly deprioritizes CV/speech/robotics without NLP/IR exposure."
CAND_0066798,78,0.483135,"5.1 yrs experience, currently ML Engineer at Zoho. matches required skills: Embeddings; 1 preferred skill(s) matched; prior role evidence: ""Built recommendation-style features at a mid-stage startup — lighter weight than ranking systems at FAANG, but production. Used a combina..."". not actively open to work, recruiter response rate 69%, last active 2026-03-12. Concern: thin skill overlap with the JD -- fit here leans on adjacent experience and engagement signals more than direct skill match."
CAND_0052195,79,0.481764,"6.3 yrs experience, currently Computer Vision Engineer at Sarvam AI. matches required skills: Sentence Transformers; 1 preferred skill(s) matched; prior role evidence: ""Worked on time-series forecasting models for supply-chain demand prediction at a logistics company. Built models in Prophet, LightGBM, an..."". open to work, 30-day notice, recruiter response rate 69%, last active 2026-05-04. Concern: JD explicitly deprioritizes CV/speech/robotics without NLP/IR exposure; thin skill overlap with the JD -- fit here leans on adjacent experience and engagement signals more than direct skill match."
CAND_0037117,80,0.480347,"4.6 yrs experience, currently Computer Vision Engineer at Mad Street Den. matches required skills: RAG, Vector Search; 1 preferred skill(s) matched; prior role evidence: ""Built NLP pipelines for sentiment analysis and document classification — primarily for an internal feedback-analytics dashboard. Started ..."". not actively open to work, recruiter response rate 78%, last active 2026-03-04. Concern: JD explicitly deprioritizes CV/speech/robotics without NLP/IR exposure."
CAND_0067643,81,0.48029,"6.0 yrs experience, currently AI Research Engineer at PhonePe. matches required skills: Elasticsearch, Qdrant; 4 preferred skill(s) matched; prior role evidence: ""Built computer vision models for our product's image moderation feature using PyTorch — fine-tuned ResNet variants on a labeled dataset o..."". not actively open to work, recruiter response rate 49%, last active 2026-03-20. Concern: pure-research signal in title; JD disqualifies academic/research-only without production deployment."
CAND_0095207,82,0.479801,"4.0 yrs experience, currently Computer Vision Engineer at Ola. matches required skills: FAISS, Sentence Transformers, Weaviate; prior role evidence: ""Built NLP pipelines for sentiment analysis and document classification — primarily for an internal feedback-analytics dashboard. Started ..."". open to work, 120-day notice, recruiter response rate 72%, last active 2026-05-05. Concern: JD explicitly deprioritizes CV/speech/robotics without NLP/IR exposure."
CAND_0054829,83,0.479742,"5.7 yrs experience, currently Computer Vision Engineer at BYJU'S. matches required skills: Pinecone; 2 preferred skill(s) matched; prior role evidence: ""Built recommendation-style features at a mid-stage startup — lighter weight than ranking systems at FAANG, but production. Used a combina..."". open to work, 45-day notice, recruiter response rate 75%, last active 2026-03-05. Concern: JD explicitly deprioritizes CV/speech/robotics without NLP/IR exposure."
CAND_0060472,84,0.478233,"4.4 yrs experience, currently Computer Vision Engineer at Paytm. matches required skills: OpenSearch, Weaviate, Sentence Transformers; prior role evidence: ""Worked on customer-facing predictive modeling for an e-commerce platform — churn prediction, conversion likelihood, lifetime value estima..."". open to work, 30-day notice, recruiter response rate 65%, last active 2026-02-24. Concern: JD explicitly deprioritizes CV/speech/robotics without NLP/IR exposure."
CAND_0033179,85,0.477587,"6.9 yrs experience, currently AI Research Engineer at Wipro. matches required skills: OpenSearch; 1 preferred skill(s) matched; prior role evidence: ""Built recommendation-style features at a mid-stage startup — lighter weight than ranking systems at FAANG, but production. Used a combina..."". open to work, 30-day notice, recruiter response rate 84%, last active 2026-05-22. Concern: pure-research signal in title; JD disqualifies academic/research-only without production deployment; thin skill overlap with the JD -- fit here leans on adjacent experience and engagement signals more than direct skill match."
CAND_0097896,86,0.476412,"4.8 yrs experience, currently AI Research Engineer at upGrad. matches required skills: Milvus, Qdrant, Vector Search, Sentence Transformers; 1 preferred skill(s) matched; prior role evidence: ""Built recommendation-style features at a mid-stage startup — lighter weight than ranking systems at FAANG, but production. Used a combina..."". not actively open to work, recruiter response rate 65%, last active 2026-02-16. Concern: pure-research signal in title; JD disqualifies academic/research-only without production deployment."
CAND_0061479,87,0.475715,"5.0 yrs experience, currently ML Engineer at BYJU'S. matches required skills: OpenSearch; prior role evidence: ""Built recommendation-style features at a mid-stage startup — lighter weight than ranking systems at FAANG, but production. Used a combina..."". not actively open to work, recruiter response rate 81%, last active 2026-04-20. Concern: thin skill overlap with the JD -- fit here leans on adjacent experience and engagement signals more than direct skill match."
CAND_0051219,88,0.47557,"3.8 yrs experience, currently AI Research Engineer at Observe.AI. matches required skills: Qdrant, Pinecone; 2 preferred skill(s) matched; prior role evidence: ""Built recommendation-style features at a mid-stage startup — lighter weight than ranking systems at FAANG, but production. Used a combina..."". open to work, 90-day notice, recruiter response rate 58%, last active 2026-02-19. Concern: pure-research signal in title; JD disqualifies academic/research-only without production deployment; 3.8 yrs sits outside (or at the edge of) the JD's target experience band."
CAND_0054703,89,0.474778,"6.8 yrs experience, currently Computer Vision Engineer at Razorpay. matches required skills: Python, Elasticsearch; 1 preferred skill(s) matched; prior role evidence: ""Built NLP pipelines for sentiment analysis and document classification — primarily for an internal feedback-analytics dashboard. Started ..."". open to work, 60-day notice, recruiter response rate 41%, last active 2026-03-02. Concern: JD explicitly deprioritizes CV/speech/robotics without NLP/IR exposure."
CAND_0023587,90,0.472984,"3.2 yrs experience, currently ML Engineer at Swiggy. matches required skills: Vector Search; 2 preferred skill(s) matched; prior role evidence: ""Built recommendation-style features at a mid-stage startup — lighter weight than ranking systems at FAANG, but production. Used a combina..."". open to work, 120-day notice, recruiter response rate 90%, last active 2026-05-22. Concern: 3.2 yrs sits outside (or at the edge of) the JD's target experience band."
CAND_0089726,91,0.471442,"3.1 yrs experience, currently Junior ML Engineer at Genpact AI. matches required skills: Sentence Transformers, Python, OpenSearch, Pinecone; prior role evidence: ""Built recommendation-style features at a mid-stage startup — lighter weight than ranking systems at FAANG, but production. Used a combina..."". not actively open to work, recruiter response rate 60%, last active 2026-05-21. Concern: JD targets 5-9 yrs senior band; junior title is a strong band mismatch, not disqualifying alone; 3.1 yrs sits outside (or at the edge of) the JD's target experience band."
CAND_0087264,92,0.46805,"4.0 yrs experience, currently Junior ML Engineer at Krutrim. matches required skills: Pinecone; 3 preferred skill(s) matched; prior role evidence: ""Built NLP pipelines for sentiment analysis and document classification — primarily for an internal feedback-analytics dashboard. Started ..."". open to work, 120-day notice, recruiter response rate 79%, last active 2026-03-11. Concern: JD targets 5-9 yrs senior band; junior title is a strong band mismatch, not disqualifying alone."
CAND_0008049,93,0.467859,"6.3 yrs experience, currently ML Engineer at Niramai. matches required skills: Sentence Transformers, RAG; prior role evidence: ""Built computer vision models for our product's image moderation feature using PyTorch — fine-tuned ResNet variants on a labeled dataset o..."". not actively open to work, recruiter response rate 43%, last active 2026-03-07. No material concerns flagged by our rule set."
CAND_0063328,94,0.462305,"4.6 yrs experience, currently Computer Vision Engineer at Ola. matches required skills: FAISS; 1 preferred skill(s) matched; prior role evidence: ""Built recommendation-style features at a mid-stage startup — lighter weight than ranking systems at FAANG, but production. Used a combina..."". open to work, 45-day notice, recruiter response rate 32%, last active 2026-04-23. Concern: JD explicitly deprioritizes CV/speech/robotics without NLP/IR exposure; thin skill overlap with the JD -- fit here leans on adjacent experience and engagement signals more than direct skill match."
CAND_0056262,95,0.460405,"6.0 yrs experience, currently Junior ML Engineer at Swiggy. matches required skills: Semantic Search, Embeddings; 3 preferred skill(s) matched; prior role evidence: ""Built recommendation-style features at a mid-stage startup — lighter weight than ranking systems at FAANG, but production. Used a combina..."". not actively open to work, recruiter response rate 29%, last active 2026-05-04. Concern: JD targets 5-9 yrs senior band; junior title is a strong band mismatch, not disqualifying alone."
CAND_0025663,96,0.460309,"6.4 yrs experience, currently Computer Vision Engineer at Razorpay. matches required skills: Pinecone; 2 preferred skill(s) matched; prior role evidence: ""Built NLP pipelines for sentiment analysis and document classification — primarily for an internal feedback-analytics dashboard. Started ..."". not actively open to work, recruiter response rate 65%, last active 2026-03-26. Concern: JD explicitly deprioritizes CV/speech/robotics without NLP/IR exposure."
CAND_0007874,97,0.459704,"3.7 yrs experience, currently Junior ML Engineer at Sarvam AI. matches required skills: OpenSearch, Python, Semantic Search; prior role evidence: ""Built recommendation-style features at a mid-stage startup — lighter weight than ranking systems at FAANG, but production. Used a combina..."". not actively open to work, recruiter response rate 75%, last active 2026-03-17. Concern: JD targets 5-9 yrs senior band; junior title is a strong band mismatch, not disqualifying alone; 3.7 yrs sits outside (or at the edge of) the JD's target experience band."
CAND_0086028,98,0.455235,"6.2 yrs experience, currently AI Research Engineer at PharmEasy. matches required skills: Semantic Search, Milvus; 1 preferred skill(s) matched; prior role evidence: ""Built computer vision models for our product's image moderation feature using PyTorch — fine-tuned ResNet variants on a labeled dataset o..."". not actively open to work, recruiter response rate 29%, last active 2026-03-12. Concern: pure-research signal in title; JD disqualifies academic/research-only without production deployment."
CAND_0005303,99,0.452618,"3.1 yrs experience, currently Junior ML Engineer at CRED. matches required skills: pgvector, Milvus; 2 preferred skill(s) matched; prior role evidence: ""Built NLP pipelines for sentiment analysis and document classification — primarily for an internal feedback-analytics dashboard. Started ..."". open to work, 45-day notice, recruiter response rate 80%, last active 2026-03-25. Concern: JD targets 5-9 yrs senior band; junior title is a strong band mismatch, not disqualifying alone; 3.1 yrs sits outside (or at the edge of) the JD's target experience band."
CAND_0076995,100,0.451803,"4.4 yrs experience, currently AI Research Engineer at Haptik. matches required skills: Semantic Search; 1 preferred skill(s) matched; prior role evidence: ""Built recommendation-style features at a mid-stage startup — lighter weight than ranking systems at FAANG, but production. Used a combina..."". open to work, 90-day notice, recruiter response rate 73%, last active 2026-05-05. Concern: pure-research signal in title; JD disqualifies academic/research-only without production deployment; thin skill overlap with the JD -- fit here leans on adjacent experience and engagement signals more than direct skill match."
